step,sequence,maskingpct,clean,successfulfold,new
0,"",0.0,false,false,true
100,"",93.5,false,false,true
200,"",96.9,false,false,true
300,"",95.0,false,false,true
400,"",100.0,false,false,true
500,"",99.2,false,false,true
600,"",96.0,false,false,true
700,EQGMDQREQVHSVMGN,77.0,false,false,true
800,MEVRRDNPAIVTM,79.2,false,false,true
900,"",80.6,false,false,true
1000,RRRAAGWNGSLLVVGARSLLLAACRPRANSIEEDFPDLFTV,50.5,true,false,true
1100,MHNVGCDATGVLVTVAIKKLAGVPRSFSIIMPSENT,56.6,true,false,true
1200,"",89.3,false,false,true
1300,HRVGLTGVSFGVFRKLGVENMDVEGIALLGDD,62.8,false,false,true
1400,"",82.2,false,false,true
1500,"",52.0,false,false,true
1600,ARVVANVGGREVRCPGFEVGDVGFITWEKVS,63.8,false,false,true
1700,MDHAQLFGHVSFARKTRERDATLPLERLVIVAVVSTLERPGLEF,46.9,true,false,true
1800,"",82.0,false,false,true
1900,RHDENFITIGGRQAEDRAEHELDISIDG,66.7,true,false,true
2000,"",15.2,false,false,true
2100,"",33.7,false,false,true
2200,"",30.8,false,false,true
2300,MECHIGVGFGSVEQLGGQCNLDGVEEIAYEPAQLFRWMREGPSFASSIKQFQ,38.5,true,false,true
2400,"",78.8,false,false,true
2500,TGGYVTRAGEVEMWSRRVDEASDADTR,66.7,false,false,true
2600,IIIQRLLFMSAKLGVRNADGSAEVHQEDAEVLHMQPSVMAALISGFER,45.5,true,false,true
2700,MSASISGVEYTQVALTELGDQVAGVPNNKWESGVRGTREIL,53.8,true,false,true
2800,MTVQFLGLVQGVGFRYSTQRQRLNLAGWRNTPDGRTLRVGEEDDVEQLTRWHGGPAAAVTVSVARRPRPALSALEFEVFAY,11.9,false,false,true
2900,MSERRAVTGRVGVYRWTEHAEKGLSGWVNEPDTTVVQGPRVHLAALRMCTGPTRARVQEVTVVERPDISFER,19.4,true,false,true
3000,DSPALLYFRDEKLLLAE<s>NLFSGVVFQGEIGMLAHHKKNGWMFVKQGNGQLLDKKRAVSSMVNRLNSPQSRMLNEFRNHSFEIFSSGDRR,24.2,false,false,true
3100,MYMAISVFCEEGKRFPLSYLTVKVCNQVKYTLGQLGWKGSPSRTQLQVMNVLTPTDKYHSKV,30.5,false,false,true
3200,"",78.8,false,false,true
3300,MRGVYRTASGRWRVEEVAHEGDANRRDYAGAFR,57.0,false,false,true
3400,MTGEVQVLTAWVFPQGGFRWWRCRALLEGLVYSNNAGDRRVLVIEGERKRGEDLLALTKGTPGAVSDVVEDVAQEH,9.8,true,false,true
3500,MIRISGRVQGRYFAQYEARKSLTGWVKNLPDGKELVEGEQDSMNFMVNKHNGTYSQDIDIEEKTTEPEGSKFKIS,15.5,true,false,true
3600,MMYASYTHGKVQGVGRYTCIQALLLGRNTDGTIFSEDLNVLEYSNLKEVKGRSNVKVDLQAPKIFKFIY,21.6,true,false,true
3700,MKSRAIISGKVQGVWYRQFTLRKNELGLSGYATNLPDGVEVLASGGDGAELLLTRRKEGSPLAKEVEQEQSEWSLQGFESTR,8.2,true,false,true
3800,MNKGRCIVTIAGVQGVGFRYAKRRAQLIAGYRNLDDGSVEVVACGEPEAIFVDLWQRGPPFAKVETVESATEKGDVEFKGFEN,11.8,true,false,true
3900,"",14.1,false,false,true
4000,MQENHKEVTVQKHVLGTVQGFRAQTRQSQSGRNRSNGEVTQVQEGTRGVQRLIDLLRGSPGARRVDVQWQLTGEEGEG,19.8,true,false,true
4100,MKQRVRRDRVGSKGRVQGKRHYQVTIARLGLKGFVCNLANGTVHLEAEGDRDQVDEIVQKLGNLPYERVDHIITASIPPPQEFNAFSVR,3.0,true,false,true
4200,MKPHQHRLHAVISGKVQGVFRRHTQDKAMDLQITGYVTNNPDGTVEAVVEGERQALEQMVEWCREGPPLAMAVEVRWEELEGFYKGFEVRVG,2.0,true,false,true
4300,MAALLRGRQGYWVRGKELGTGWVNLDDGRHATLTLALRAACHGPPLATQMDIRSEAGFIQ,30.9,true,false,true
4400,"",9.0,false,false,true
4500,MAEDCRCHTIIRGRVQGRDAARHDATLGCGVRNRDGRVEVLAGQVDLQKWTGPFATVDEVNSVSITVLRLEGFSDESDERI,17.8,true,false,true
4600,MSFWRFVERGRVQGVRYRHKQADRYGVSGFNLPDEGAQRPDDNLDAVKEGFPGAVDSVRKEDKLERSNGATVTAFAGFRLTD,17.1,false,false,true
4700,MKLTKNVRHGRCIGIQGVNYLYSRKASLLGLRGYEMNNTAEGVVELCSGNRTEQIDKLPEAEEGPSMSFVKTIWTLNLEWDIQQYDTFEERNFS,1.9,true,false,true
4800,MAIQLSINFEVFGKVQGVFFRKCAVMYAKSNLTGWCKNTSDGTVKGLIEGSAEVVYKMLEWLHKGPSLAAIASKIKHSHEVTNEFNEEFNEKIISSERPQFTQRCSRLDNSF,0.8,true,false,true
4900,MGPIDPKPGTDGPAVLRVHATVSGRVQGFGAETVARSAWGISLAGSASNLDDGRVEVLASGRREILDALARWLRERPAPGTVGRAGDQVRIGELGGVGI,2.8,true,false,true
5000,MTSPVHLLIEGRVQGVARRWTQQAAKSLGLGFWVRNLDGRVEAVFDGKVGESVRAVNDCRRKGPVVRVEGPADQQWEDVGSDFNKFIVWTF,2.0,true,false,true
5100,"",3.1,false,false,true
5200,MKGKLKLHVIFYGYVGGVGRFQIRLMVAEGLRGYSVYLPNGKVVEEAYGSEESIEKFIKEMMRGPYEAIIKVTVSFEYYDQIGFPIFKFYN,3.0,true,false,true
5300,MNEDVRMTAWVRGHVQGVGFWFTRARALEIGGLTGFAQNLGDGRVQVVAEGRMENCQRLLDWLRSGDTPGRVDGVVEIWDTPRGGYDGFAIR,1.0,true,false,true
5400,MPVLISVRVTIHGRVQGYRAWAKEAGRLSGVTGWRNRPDGTVEVVFGPASMVEEMERRCDGPPADVERVDVLPMPSCSGCRKGSFQHG,8.7,true,false,true
5500,MIRYDLKSGRVVQGVFNCTRFAKAELEIVGWRKNIDDKTVEIHAEGDKQLADRFISWLHGPGDQAQIRVDIIEDIKRKNVFSFSVPFTTG,4.0,true,false,true
5600,MEAKRIFKGRVQGVGSTKMAQSFSHGWVKNEADGTVIVAVGNDQIDAFQVKESPSPFVKKEVVETVRPLPERKKFEIVR,12.2,true,false,true
5700,MADIREHIFSGFVQGGFYSKYLAALGLTGWYNEWDGGVTMELQGTDNQINMLLLALQNQFVRIEERITRISPLREEEDFES,8.3,true,false,true
5800,MKHVNIRVTGKVQGVFATTQEMALQLGLKAFVSNEANGSVYIEAEGTQETLEQLVDWCNKGPEGAKVTSVSLSEGELQNHYTSFEVRR,2.1,true,false,true
5900,MEDGGVRARSGKVQYIWARGIAALGLLGWVQNERDGSTAIAGADAAVTTMIERQGPAGAAVDGVDTEETQNTGFIV,17.8,true,false,true
6000,MTEVEARRFVVRGRVQGFRYFAQREARRQVSGYVRNPSDGSVEVVAEGEQRILEGFLDWLRSMGPMPGIVRGVEIEASTVPGFVKFGIG,3.0,true,false,true
6100,MEIDNLRRRVWADDKARSAPFPEEHLALTVQVKRWNLVFFPRMQAVGVGQEAHALDHGYVDNLYVLTNGPEYLQIMKVVEMISGPQGHLELKVEVTPAVDLGLGPEPGRXSCT,2.4,true,false,true
6200,"",20.6,false,false,true
6300,MVRYRYSGVVQGVGFRLGRGLGIAGWRNPDGRVEIMVQGSKELVEEFIKAIEAFYPYINDNLETEWVAIGTFNRWFVVAG,11.2,true,false,true
6400,MTSSVALHVTFFGKVQRGFRYTTCVIAMQQVSGTVRNLPDGNGVECNQGEESCEAFLDALEQAMRGNFRSTEIQTGDPLPFRSFSIL,4.1,true,false,true
6500,MKKHELIHYGTVQGVGFRWTAEKKAKSFEVKGWVKNLEDGTVVTVEAEEEDFNKFLNELNKSQPFSRIDDLEEYKSIPAENFDSFKVIKK,1.0,true,false,true
6600,MQKKMIVTGRVQGVGFRWGVYSAEIGGIGTRVWNNDDGTVELLAQANDSTLMAKFEEEITPPFSSVYLDVKMANFDSDFKKMAN,9.0,true,false,true
6700,MSDPFRPRVKHIGDYGEPVKETVRLIELVRLSGQVQGRRTEVTAELRLSRNRSDGEVCLTVAGAAEAIAQMKLWERWXGPAAGVEVEHIRREDPAQGEGFGQVR,14.0,true,false,true
6800,MAETHENPEHVLCRVDGHVQGVFFRQSTRQAASRFHGRNLADGSVQVLAQGEAALAALREWLGRGPQGARVQQVLGQVDFALPDDFEISG,7.6,true,false,true
6900,"",8.8,false,false,true
7000,FGSMFFTETEMVTLAVIDGRVQMVGFRYFVTKEGQELGINGEVKNLYDGSVEVIAQGPRQQVARLKFSKSSAMLVVKVETIIIFSSVTSKDFHESKITHFA,0.9,true,false,true
7100,MPEDSSTATVARRLRILGRVQGVGFRYSAVEHARPEVSGWVCNRMDGSVEAVAAGAQAHLDDMIQWLDRGRYWADVAEIAEQRATGIPELDRFISGA,1.0,true,false,true
7200,MTRDLKTRRAEILVEGLVQGVYFRATTQHVAEILNLRTYVKNLEDGRIRVLCEEEEKAVNDIQKWCYNGSGLARVKEVDIEWEEPLGEFDGFSIR,0.0,true,false,true
7300,MTLTSRKWRVEGRVQGVCFRRYTRALVAELGIAGYVRNLPDGDVEVYAEGTASTLEELAGWVHEGPPKALVETPFRVEAEEPHEGTMPGFDVRG,0.0,true,false,true
7400,"",3.7,false,false,true
7500,MLITKAVTITHGRVTGFYSTRLNGAKYSLTGTNNENGDVAMEVQGEPNAVAQLMTLLHSSFERFVTKLEKFVTAPTKEYQFDVL,8.1,true,false,true
7600,MKPDTDDTLHTRLLRIVGRVQGIGYQACLLVLTARQITGWVRNRMDGSVEAVLLGNPKQLLQCCDWLIDTHPAALVDDLELTVVNVPLARFDFDILKPTA,1.8,true,false,true
7700,MTDRTRARVVVSGTVQGVYRATTREAAREKGLDGWVRNLADGRVEAVFEGPEPAVREMVEWCHTGSEAAEVDDVDAEFEEPTGEGGFEIRYE,1.0,true,false,true
7800,MGLRKRPARGFPARPSAAVGPAAGPGRAGEGFRMIRYPGGRNEDSRLEPIGRRDGSVSEVTGTARALAGMKEKLRHGPPLARVDKVVSFALPRWERGPI<s>LE,13.3,false,false,true
7900,MKRLTFTVKGKVQGVGFRAFVKDIAMKIGVKGYISNLPDRSVEIIAEGDEALLESNYLDLWSSPERVVIDAVFVLEEKPSGAFETFLIH,0.0,true,false,true
8000,MLRAIIYVSGRVQGVGYRYFVTRIAVSIGITGYVKNLPDGRVEIVAEGPEEDLKRFLRSVNRGPTGSRVQNVDVTWGEAKDEGYREYESRF,0.0,true,false,true
8100,MVRGTYAVGQRVFRAGWARQARDGVTGWVRNLPDGSEERRRGPEEAEFAVEARGRGPRPSRVGEVDEEELPHIDEGFVVH,6.5,true,false,true
8200,MITQTHVIVRGRVQGVDYRDWTKMEADRLGVAGWVRRRRDGTVEAVVAGDDTAVTAILDACRRGPPMAVDDLVETAAGEEDLAAERSAGFRVPTV,1.9,true,false,true
8300,MAESRICRHLTIRGRVQGVWFRASMRQEAGRLGVRGWVRNLPDGSVEAVAEGPPSAVDALIAWCHEGPFAARVDGLDAEPPPDGRFGPFEVR,2.0,true,false,true
8400,MLWWQIQVYGRVQGVMYRRFTCRKAHSLGVKGWVTNMADGSVSVIAGERDDLEALFNALKGGPLLADGTTVINHTNSGMKKTRSFKIKY,2.0,true,false,true
8500,MASPLQQAPGEPQPCSVHPHVRGRVGGVWAWSQARRAGIGGLDGHVRNLMDGAAVVAQAAPERVLDAVSWLNHGPPGPPRASVEAVSSEGEALPPGFVF,1.9,true,false,true
8600,MTDPDSVVSPTKTYYVRIHKVVEGVFFRQATKAVAHLLGVRGWVRNDIEGSVKAIIQGPPKQVDLFLAWCVHRPGERRDPSVSGEEVKEELRFDFQL,0.0,true,false,true
8700,MSAEAQLGAVDYEYFGRVQGVCFRMYAEEEKRKCGVVGWVKNTSVGTVSGQVQGPEEMIKIAWAWLSKVGSPRWREKVTFNTNQKSIEKLDFNNTY,0.0,true,false,true
8800,MDDDHKVRAHYGKVQGGFRWWANQARGLTGWVRNERDGSVAAIAGEDTAISAMTERKGPEAGSVSVETKETALDPVDFRR,13.9,true,false,true
8900,MKKQIKGKVQGVYFRSSTLKKALLGIKGWVRNLPNGNVGIVAEGEETLITKLEKWCQQGPPLANINVQKVDWEGEDEFESFKSLY,6.1,true,false,true
9000,MFKHLKLKLKILGPSVEYEFTGYEKGILKVEQTGTIRYHLGFDGVVQGVGFRFRSAMLASQLEVTGWVNDPDGSVEMNIQGEPEKIDRLKEALKRNGFIEIDHIDRLGEESKIYNF,1.6,true,false,true
9100,MPEECSVGANFGRLCGIDAAYAVWNSFAGHEPQVRRVARVTGSVQGVGYRRAVRQRAAEVGGTGWVRNDDGSVEAIVAGRPSDTERMVTWLRFYSRPPPGHITTSAGSQEGAGDFRIRR,0.8,true,false,true
9200,MVARLIQVCGHVQGVGFRRFVEWRAQRLGIGTVTNKATGTVEIHAQGNSAQMEHFIAQCKVGPSPYVKVQDIEEYNINESLLPIFNVLY,1.0,true,false,true
9300,"",0.8,false,false,true
9400,MTERKAHMYISGIVQGVGYRYYAKLVAEKLGIRGWVRNMADGRVEITAEGTAHSLETFVSELRQGPRHAVDGITVKYLDPSGSISFKVLN,1.0,true,false,true
9500,MSVCIIAWVYGRVQGVGFYTTQHEAQRGTGYANMDDGSEVVACGDAAQVEKLIKWLKEGGPRSARVDKILTHPRELTGFSIRY,10.0,true,false,true
9600,MNSKSERFLISGIVQMVGFRHTSHQGLKLGLTGYANLNNGDVEVLVVGSEETIQEFFEWNVEGPKTASVSQSQEQTANFMRYDGFSID,2.1,true,false,true
9700,MGLLPVSSSRGQKEVTEPELRVRLIRHGRVQGVGFRWTAAWMRLELRLSGWVRNVPSGAVEVAAGASDEVEEFVFKELAGKNGPAAHAVDYEEYRRHEPDFQLGV,1.7,false,false,true
9800,MAKLYGRVQGVGFAFQRQARLDLDGWIKNKSDGSVEVRAEGRHSDLNKLIDLKHKFASARVSIV,8.0,false,false,true
9900,MTDSRIVRVSGKVQGVSYGTTQEQARARGLAGHVRNLEDGSVSALFTGDSEAVDEMTEWAWSGPGRANVETVIVDTDEPSPPGFETDR,3.1,true,false,true
10000,MRKFNVEITGKVQKIGFRSFALERARKLGIKGFVKNSPDGSVYIVAEGDKDDMDKFLEWCKKGPSFAEVQDLKVREAQKMYVEFTIEK,0.0,true,false,true
10100,MTARRLVSGRVQGVGYDFVEARGIAGWVRNLRDGRVEVAAGDTGALAALVRLESGSPLSRVDRVEATPAGGDRTQPGFKRATA,9.1,true,false,true
10200,MGTDEPGRESASLGRLHIRHGRVQGRASAREQALKLGGRVRNLSDGTVEACFEGDEERVDMVSWCRTGPAHAVVTDVTDSGMVEAIGFTR,10.2,true,false,true
10300,MQEKYLVSRHVPSFRIPVAGSVQFTGFRYMQKGDKNGLVGWVRNRVSNESDGVISVTCTEKGFLIKFYNRLVRPNPREADLRIESPCRVSEVTEDEVVESGAGFR,1.8,true,false,true
10400,MKTIHIIVSGIVQGVGFRWFVVRAAIKYNVLSNNKNKNTGSVEILVSMEETFLTDFLASCKEMPSLSNVREQVQDSQNGKHHDDFQILE,0.0,true,false,true
10500,MSKCVHVKAHGHVQGVGFRYFTQLQALSKICGWVKNCLDTVEMLIEQGADVAEKFIDELKQSPNSFGKVKNIYIDHWEGYKGYRFQ,5.1,true,false,true
10600,MCKCYVTGKVQGVFRYSTAIHRLGTGYKNLPDGRVEVMCGEQEQIALCTWLWNGPPLAVVDVWCVSELQDYDDIL,15.5,true,false,true
10700,MTSEQLTVHVIVSGRVQGVFRANTRERARSLALRGWVRNLPDGRVEADFEGPRRGVEELLDWCGTGPPRARVSGVVVDASDARGFDGFEITR,2.0,true,false,true
10800,MPERVNAKDENLKNLMRVVHHGQVQGVRQATVHAQILQIRGWRNREDGAVLFEGPVEITRWCQRGPDASSVQVTSVEATGMPDRGFRITYEESGQG,13.4,true,false,true
10900,MFKSEWSPDTAMKPDGHAVEKVQIGRRASRWEPDLVHLRERATILEVEGWVRNVDDGEVQVLISQNQKVLAEMLLAMDLTYQIPGAHIKGPDNCHTGEMRFVRI,6.7,true,false,true
11000,MKVRAVILISGVVQGVFFREARHLALRGVSGWVRNLPSGQVEAVFEGDEKTVGEMLAFCRQGPAGARVDACVHLWEPYRGEFETFRIKRG,2.0,true,false,true
11100,MQRIRVVSGRVQGVFYAQAQETAKVLGLTGWVKNLPDGRVEALFEGSPPQIEQMMRWTKTGPVAACVDNVERIAEGAEGTEQGFRIA,2.1,false,false,true
11200,MAPDLDDRIETYYARVRGTVQGGFRAARQAHLGKGWVNLDDGSVEAMLQGSANQIDRMLSWLRHGPPAAHVTEVSGEERFTEKRFERFEQH,5.8,true,false,true
11300,MRSIRTIHGRVQKVGYRYFVRSTAESLNIAGWVRNKPDGTVQVARCPPDRLDRFASELRRGPEVAVERIEERSEDTLEFSGFTEFVLR,4.0,true,false,true
11400,MPKVQTVRIAIVGQVKGVGFRAWLQRKGRTVAWVGKVENSYTGVHVISTGPEYVVVERAKECLNGNLSLSLTPTNTDRVDLVEFLNGQIDVVTAVPF,1.0,true,false,true
11500,MKFIHITLFGRVQGVGMREFIWREASKLGIKGYVKNEPDPSVSIEVRFEKEREEAFLLTLEKEGPVGRKFEVIYAENRKAPSPFDNFSIEY,2.0,true,false,true
11600,MYSPLSAMTQDYITLLGIVNGVGFRHFVWHGQRYGIRWVCNQLRGHVILLTGERSEIDGLILEAKKGPPRAVQSQADIFESREILLRDGVEGFQGPPATI,6.1,true,false,true
11700,MIPFRGNFESMTASIVSGVQGVGFRPFTQLYARSLGLNGWVRNLYDGRVEVLAEGKREVLQNFVTKLKTGPIRSIVRDLEVVWNEVSHTFTDDRFVIR,0.9,true,false,true
11800,MISRHTITGRVQGVGYRWNTKKADALGVTGWVRNRKDGSVEVLLQGSNAAVNALIGECESGPKAVKAVFVETDDEDDGKAFEVRPTE,5.1,true,false,true
11900,MITIRVTGRVQGVGRFMTKMADNLGINGWENKNDMSIAAQGQEENVKFIEIKHSSPAGYVRHDVVILPNDKFRNFVLN,13.3,true,false,true
12000,MSEDVRLVVWVRGHVQGVGFRWFTRARALEIGGLSGFALNLADGRVQVVAEGPRAVCEGLLAWLLGADTPGRVDGVTEIWDTPRGGYDGFAIR,0.0,true,false,true
12100,MIGDSDVSYFAWVHGHVQGVGFRYWTAHQALELGLTGYAANKPQGRVQVHVQANKDAAETLLDRLESGGSTPGSVDKVDIKWQPRGDYVRGFVT,1.0,true,false,true
12200,MRLYLTIYGRVQGVGFRAFVYKKALTYKLSGSVENLINGTVKIIAEGDASLEKLEEIKNPISRSWVYDLEIIEENNENFNKERIEY,2.1,true,false,true
12300,MMEYHYFVSGKVQGVWFRKFTAQNAKKLGLKGWVRNLDGGRVEAKIQGTKEQSKKMEQILQKGSPYSRVANIEISELNSKYFDDYNDFKVKY,1.0,true,false,true
12400,MHQMRSVRAVVSGRVQGVSFYYTRRRANLGLAGHVRNLADGRVEVVAAGGRDALEELIAFLQKGPPAAEVTGIITTDAREEQLYRGFDIMPA,2.0,true,false,true
12500,"",9.3,false,false,true
12600,MVSGRVQGVGFRQWDRREAGLALWVRNRPDGSVEAILQGAPAAVERLVRRCRSGDEHACVSGVEVVEDATREAAFGVRG,4.4,true,true,true
12700,MRDHGQIVIVRVAITGRVQGVGFRAFVWQHARRLFVKGFVRNRVDGSVEASCFGSHVAVVQFVQLVVEGPAYFRRESMDVQRIDTIEEPEGLIRQSFEFPGV,0.0,true,true,true
12800,MHRRPRPCLGADRFRFLPNRNRLTRALRLTVWHGDVQGVSFWSTRAELGSGWVRNLRDGRVEVVAEGPAIAVEALLQWLRVWCRGARVDRVVVEESPTTPGRGFSERP,5.7,true,true,true
12900,MNSQRLKILVEGKVQGVNFAYTAKAQLDVTGFVRNRPDGSVETEAQGPRENLNEFIKWCRRGPPLAEVTLVHISILEFQPNEVRFDVVR,3.0,true,false,true
13000,MASKAVHVRGRVQGYVTAAERAYGTGWIKNRADGSVEAVQGDETEVADMCDWMRGPQGAGVLDLEATEGALISDTHQVRR,12.1,true,false,true
13100,MKAAKLEVEGVVQGVGFRANTRDKAISYGVTGYVKNNDNGTVTIHAEGKRTDAIPNIEDAIRKSPTSYVSRVYFEDVEPSDFKSFQIRY,1.0,true,false,true
13200,MGRVQGVQLFVRAQRLRLGWWVRNTQLGAVEVLLCGRGQLDEKRDLIIWGPKVSSKVKMIDDLYFGRHCQETR,7.0,true,false,true
13300,MNAQKPVTRRLLIDGTVQGVGFRWWVSQRRLGLVGWVRNTGDGRVEVVAQAPEERERLETLRIEEPLGAVRSGCEETAELRWGEPRGVTGFAVLRD,2.8,true,false,true
13400,MIRYFAIVEGRVQGVGFRYFVQHEALKLGLTGWVKNLEDGQVELEVQGNDESVKMFLDTIKKGSLFSKVTSVQMEKLDVIPHEKRRSIIY,0.0,true,false,true
13500,MTNEKQCLRCFVSGRVQGGRYATLRQGKLDICGYARNLPDGRVEVVACGLVQQVAQLCAWLEQGPSRARCVSKVCVPEWQAYSSEGFGC,4.0,true,false,true
13600,MDTRVRAHVFVSGTVQGVYATTRDAAERGADGWVRNLDDGRVEAVFEGPEGAVRDMVDWCETGSPAAEVEDVDVEFGEPEGVEGFGVRW,3.0,true,false,true
13700,MRQIMISITIRLRLVGYGQARERRLRTSSAGTVRNRSDGSVELRAEGRAKAIERFLEWCRKGPRGSRVDFVSASATEATGADRFEVLRRD,1.0,true,false,true
13800,MNKSIILIIQGGVQGVGYRRWFYQQAQELELTGYVKNLSTGEVETVIVGDFDKIQEMIQRSHTGPSRAEVQHIEQSEDKNELEHFQSFIK,1.0,true,false,true
13900,MTPNEDDARVDAWVRGRVQGVGFRWWTRARALELGLDGSATNLGDGTVEVVCQGPAEAVRQLEALLGHGDPPGQVDPIDTAVSPLDESLPRRGATGFHIRR,0.0,true,false,true
14000,MGDDVENWTTSGTTRESSLEYVKLRLVQTKVNGRVFEGVYDRVWTRASRTALTGRAELWPADSELERMLPAEGQVAESSTLCCRGLGANVDALGVVAAEIEKVF,2.6,true,false,true
14100,MVQGNFRATCRQHARKLGGWVRNVWDGTVQVVAGEARMLLCCETGPDADVESVTRECRGLVMHEVRSFIRWQV,10.1,true,false,true
14200,MRRRGARFGHETGARSGRPHGRRVRKVEHGRKAWTKTVFGRVYRNDFAFDLRGRNGWVRVEGSDGDVQAVFGKREARLDAACRVDREERLVTPLQCMVQWESDER,5.1,true,false,true
14300,MTEKSKYLRVTGMVQGVGFRWFQTKANELAIKGTVRNLVDGSVTIEAQGEPEEIEHWIEIIAGNGMPSIIGMVEKELTPLSNTWTSFGV,2.0,true,false,true
14400,MSDQKRSHSAEIRHVIIHGRVQGVGFRDATVRIALQLDLVGWVRNMPDGTVEMIAAGPVDQIDRLLSWLRRGTEWASVKRVTVSTVQTERAFNTLQQ,0.0,true,false,true
14500,MSKVCTIAWVYGRVQGVGFRYTTQYEAQKLGLTGYAKNLDDGSVEVVACGESGQVEKLMKWLKSGGPRSARVDRVLSEPHHPSGELADFRIR,0.0,true,false,true
14600,MIKVHIVFFGRVQGVGFRYVCESIASSYKVTGWVKNLSDGSVEMEVEAEEETEKNFFNNLESSQFSRIKNYETEIIEPVGTFKDFKIKY,0.0,true,false,true
14700,MKVQLDRFTIIGRVQGGFYSHAHYGLKLGLSGYAKNLSDGDVEVLVCGKSDKIEEMFEWLQQGPSANVNKVTRLSCKIDSECRTFQIE,3.1,true,false,true
14800,MDFRVHIIVVGRVQGVGFRFTHKLAVRLGITGYVKNLPNGEVEIEVQGRMETLTEFKDQVLKGPPPSRVTNLNITVLEVKDEQRFMIEKWT,2.0,true,false,true
14900,MSDDDKAVRVRISGKVQGVGFRMWTAAELLGLTGWVRNEEDGAVVAVIAGPSGHISTMIIRFRRGTPGASVSGVETATAALVKKPVHGRIRR,2.0,true,false,true
15000,MSDKRISFKVRGQVQGVSFRYFTQKQAKSIGVTGFVTNASNGSVQAEAQGTSSSIQKFIQELNRGPSPAQISHVHVEYISTKSGEGGFQVK,0.0,true,false,true
15100,MKIECNLDKHLHIIVTGRVQGVFFRLTIKLAEGHSVFGSVQNNERGEVQIEVRGLDAVLKHFIEGQQSRFDGSMIKGFHEWMGGSSPPLKSFQVDV,1.0,true,false,true
15200,MTQIKCVKVVITGQVQGVGRFKTQAEATRYSLTGWVRNQADGSVEALFSGSQKAIDAVIAWCHQGPPKSRITDVKIYEQYTPELSNFDIRF,1.0,true,false,true
15300,MKRIRKQITFAGHVQGVGFYKARYAAQSLGLTGWRNEYDGTVTLEIQGLEPLIDKMLGALQNDRFIEIDWIRKREISLDEENKFFEVK,2.1,true,false,true
15400,MAEKEKIMSVDFEIFGKVQGVFFRKYTEAEGKKLGVVGWVKNTEAGTVVGQIEGPQSKVDLMVKWLRTTGSPMKSIDKAKFSNERVIPHLEYENFSKDK,0.0,true,false,true
15500,MNELTSVTFRVTGRVQGVFRYYTSQKPKEFELTGTVANTAEGNVVGHVEGGRESVEELVQFALEGPPMSRVEVKLQKSQQAIGEATGFSVFRIL,1.0,true,false,true
15600,MPTVQFLVHGRVQGVCYRAGARERAEELGLDGHANNRQDGSVEVLAQGSASQLEALLQWLRQGPPAALVERVDVEAHATTAAVVGFTTG,0.0,true,false,true
15700,MTDRVRAHVFVSGRVQGVYFATTRDTARKGVDGWVRNLEDGRVEAVFEGDEDAVRDMVEWCHEGSPAAEVEDVDAEWEPPEGIEGFRVRWEEEDPDRIEGSEYRRERDKRYARSA,1.6,true,false,true
15800,MMRTVQHSQVQYLGLVQGVVFRRNTHQTGTGLGTPDWPVNDRQAWLLRPSEADRLLIDGLQIWGQHRTDPLIHDWEVSNTSLPEWRLKGFPVRP,0.0,true,false,true
15900,"",4.7,false,false,true
16000,MHRAVRVSVTGRVQGVGYRAWTERKMRDLGLSGWVRNRRDGTVEAIFMGAEAAVESMLEACREGPSLAAVEAVDVEPAPGDPAPGFRVLPTE,0.0,true,false,true
16100,MSVMQWFIRGRVQGVGFRFFVEAAAERLRLYGFVRNLPGGRVEVVAAGSEIELEALRGMLDKGPYVARVDGVEEVEVPRDEQIAGFAIIA,0.0,true,false,true
16200,MSENDARLTAWVHGHVQGVGFRWWTRSRALELGLTGYAANLSDGRVQGVAQGPRDCGEKLQLLEGAVSPGSGRPRDADVGSAWAPPQERFEGFVFRMRR,0.0,true,false,true
16300,MIGEKNNSSDKPAVHCYVSGKVQGVYYKFTRHEARRGITGFVKNLFDGRVQVLACGSVEALAALQMAVDVGPSAAIVENVDCETDPEQISFSIHK,4.7,true,false,true
16400,MTQVCTAAWVYGIVQGVGFRYSTQRQATELGLTGYARNLDDGGVEVVACGEAEQVEKLIEWLKAGGPRSARVDRVLTEPHGAAPYEFSIRY,1.0,true,false,true
16500,MAPDLDQRRETLYARVGGRVQGVYFLATVRHHALGITGWAANLDDGSVEVAVAGAANQVARMLEWLHHGDPLANVKEVSSVEGGTQYERFQH,2.9,true,false,true
16600,MNESPLSRMRVNYSGRVQGVGFRWAIRAERYEVTGYVKNQPNGEVVLDVEGPKEDIVEFVAAIQKMSDNIHNTQIQDWQPPVFFKDFSIR,4.0,true,false,true
16700,MSDQEPNLKASIAAPPPQANAVTYPQHVHVLIFGEVQGMGFRYWTKEAKKLGVEGVKNRSDGSVEMIAAGRLESVEELLKLIKPVGSRSSKIESYESSRNEELPPRRFILRT,2.5,true,false,true
16800,MHLEINCLIQGRVQGVMYRDFARREAKSIGLKFYVKNESSGSVTVHIQGEKFRVEDFLKIRTGPLVGNGFTQLISTFLSLERHNEFNIIFE,1.0,true,false,true
16900,MSAFRFLIRGKVQGVGFRYFVVRCARSLGVHGFVRNLPDGSVEVRAEGPEGQLQQLIRQCETGPPYACVTEVERLELKAAGREPGRMSC,0.0,true,false,true
17000,MKYITSRFIVKGRVQGVGFRAFACEKAVAEGLWGWVRNLSTGDVELLASGDVLNVDAFRWMLRKGSPMLAVVESVESLAFEGTLLVEGDAFVKRIA,0.0,true,false,true
17100,MSKCVAITVFGLVQGVFYRKHSAHAGLGVRGWVRNETDGSVKIEACGPATNLDALVEWCKQGPPTAVTKLASADVPFDGHFTSFTIKY,4.0,true,false,true
17200,MSSEELITVDYEVFGKVQGVFFRKYTQAEAKKLGLVGWVQNTPAGTVKVQLQGPKNKVREMILWLKSTGSPSSRIDKAEETNEKTIDTLEHSSFTVIK,0.0,true,false,true
17300,MRVKLFSVRVYGRVQGVSYAATKELADRLGLGGFVRRLFDGTVEIRAEGSIERLHEFLQWCRIGPSAARVTDVVLVESEPERTGGFEVRRQH,1.0,true,false,true
17400,MVKRVVYVAHGGQVQGVGFRYFTRKRAAEYSLTGWCRNTDNNKVEGEAQGAEDRIEALLRDIDGPRGAHVVDLQRESRDVIGDQAFERRR,2.0,true,false,true
17500,MIRITCTLTPTVFELVKRQPFLVKKKKAALENYRLYNRRKESEIGVHGFVEAQLASSSFSEKLVKAKVGVEPLAETYSFEVDSKKLKGLKLKLEEIGIELCIALLKTTFRVVG,0.0,true,false,true
17600,MMSAGFWRWELLQGVVGFVRNLDDGRVQGVAEGDRDAVLTLLEKRSGGTPGTVTSVTSRWIAVTGGRYTSFEVR,5.8,true,false,true
17700,MEVCVQVIFIGRVQGVGFRAFVDIQARRMKLKGTVRNLKEGNVEIQVRGEETRVQTFLKEVTSTLLKKITKTCQNGIEPLHQKLSQFAIVM,0.0,true,false,true
17800,"",4.5,false,false,true
17900,MSDSAKEPCVRCHIVVYGRVGGVGFRYFAVRSAQADVSGWVMNLPGRTVETVVEGERLAVEDFLGLRAPGAPYSSVEHVAEWSAATGEFTDFRIF,1.9,true,false,true
18000,"",3.2,false,false,true
18100,MPEVQAQGQRVCYRCLVSGRVQGVFYRAFAQRMAMQLGSGYENLPDGRVEVIACGEAGAEAALRWWLHTGPPIAEVTFVHCEPPLWQDYSAFEICS,1.9,true,false,true
18200,MHHNDLMPVEARVKLTGVVQGVQYRAITRSEAISLNLRGVKNLDDGSVELVISGPKDNIDTITNRLRHQGPAAHVTTESIEWQDDSRSCKSFKIVY,0.0,true,false,true
18300,MKGIHIIVDGRVQGVGFRHWTKQKADEEGISGWVKNNDDDSVEIEAEGADEVLRKFVSEVKDGPSRASRISDVFINLDRQLNNFGSFEIKK,0.0,true,false,true
18400,MKSITLVRAEVFISGQVQGVLFRAFTYHIASILQLTGWVKNRPDGRVQAVFEGQEDKIRQIIKSCQKGKPPAAVKDTKIEWSEVQGEFTTFKIRS,0.0,true,false,true
18500,MRIHIVSGRVQGGYFRAYTVRKADQFGLSGWVKNVSDNSVEAVFEGNEDKIKDAINACHQGPKSAQVENIDEEKEEDKNFLSFDRR,2.1,true,false,true
18600,MERYFVRYQGRVQGVGFRWIVDAARRYHTGWVRNEPDGSVMDAEGPQISLSGFLEDIKHDYGHGNISSFRLNEIATGEFGFSIMRD,4.1,true,false,true
18700,MRFARFFVTGAVQGVGFRYTLARAAEEYGIRGWARNLPDGRVEELAEGKDEDVDALARWCSWGPRLAGVDHVDRSDSSGDNLAFDEIAKGRKGGPRMIER,0.0,true,false,true
18800,MSVVAMRARTGRVQGVAYTWARAEADRLGLRGWVRNEPDGSVTALIMGPEASVAQMVRMMGAGPARAVDQLTEVPEPADGVTDFSITR,4.0,true,false,true
18900,MSSNAVRCLVTGRVQGVFFRASTREQAQRLGVTGYARNLADGRVEACAQGGSAQLEKFSDWLWHGPPAARVDLVTSEPVACEDLLASFQTEYG,0.0,true,false,true
19000,MNKGSGLCSVDREIQGHVQGCFFRKYTESEARRGGLVGWKKNTNHGTVQGQLQGPAAMIQEMKVWLEKEGSPSSKIAKEFSHQRPIDKLEHDFEFRL,0.0,true,false,true
19100,MKTIEKIRVHGFVQDVGHRGLFIDVPRNLGRKDFKDLRKTNKLESGWQVVFYAEKSSSVEKVYGDDEWVKIESNEKAEVFFKETMERGQVVLEMSIDLCVTLTEESFDFRN,0.8,true,false,true
19200,MGESDGTVRLTVWVHGRVQGVGFRWFTRARALELGLTGHATNLEDGRVEVVAQGPRPACAALLELLNGGDTQGRVTRVDVSWSEPGDPIDGFVER,0.0,true,false,true
19300,MDKYNTNLRIMNRFVRIQGDVQGVGFRYRHVWTTAQRIGLNGWVRNRWCGDGEVGTQGDPDSLDDLINLCRQGQPGSSVTSFEDLKEKEQLEFDGFEILRDN,0.0,true,false,true
19400,MQKRAHVLISGSVQGVFDRTSRVARDAGVRGWVRNPNGEVEATFEGEENAVARLAAWCGGTTGARVQDVKVAWDVCTGAFTDFSIRYDTAEQDADGATERAWT,3.5,false,false,true
19500,MVTLQIYISGEVQKVGFRNYTRYQAILFGLSGWVKNLPDGRVEVFVQGQETEIEKFVSLLLNNPGSSRLDIMKKEEIKGKEKYGFEIKY,0.0,true,false,true
19600,MKLSKHVRVSGRVQGVYFREATRQQALALGVTGWVRNRLDGDVELSIYGDDDAVEKLLAWCYQGPPQAAVEQVEAEPAGFEDWPDXFVIRPT,0.0,true,false,true
19700,MRAARVYISGRVQGVFYRAYARTRARELNLEGWVRNLDDGRVEAVFEGEESSVRDAIEQCRKGPKYSKVEKVEDHCESPTGDLSGFAVRY,1.0,true,false,true
19800,MNKRVHVTIKGRVQGVFRSTIRNKARQFGAKGWVRNAPDGSVEVFIEGEEHDVKRMVDWCRKGTPSGAERVDVKNDTY,1.0,false,false,true
19900,MPDAKTFFLHGFVHGIVSFRVQGVQFRKYIQDLARSLGIQGFVRNLESGTVIMRMQGKVVDIDTIFLNVVKGKSEISNIEIELKNEKNKELKPGFIR,0.0,true,false,true
20000,MDFFGNVKSDGIRNHRPLPRGPEGKSVVSVRKHVYFGKVQGVGFRFTSLMQADRLNISGWVRLEDGRVEMELQGAPDKINEFRRGLQQSPRASIVRMVRGMPITGGDPDGFSVAY,2.3,false,false,true
20100,MAPGDDRVGGVKAVRVRVSGKVQGVGFAWVRRAELGAAGWVRNAPQNTVEAAEGPSDRIDELPDWCRRGSPAAVVDCVFVSDGDPEGGFAVV,5.7,true,false,true
20200,MPTQHLVVHGQVQGVGFRYHACLEAEQLGVSGWVKNKPEGSVEILASASTETLAQFGQQVKQGNPYARVQHIEVEHSERAQPFSGFTIRY,0.0,true,false,true
20300,"",2.5,false,false,true
20400,MNWSFNLQVHLFVRGRVQGVGYRAYVQNEARRELAGWVRNLPDSRVEIVAEGPEESVRELVESCKTPARRRTDGVDGTPIAATGRFSAKGVGGTHVGDFRVA,1.8,true,false,true
20500,MIKVDITVFGRVQGVGFRWTTQQLAMQLGLTGTVMNLKDNTVLVIGGPPALLEKLLAELAYHGPHSIKVQQIDEKKDIDTQHFTDFSIRR,1.0,true,false,true
20600,MQKVRMIAQGRVQGVGFRWGVYSLAEIGGITGRVWNNDDGTVEILAQADSSAIMAKFIQEIRKGPTPFSKVSYLDVKLSNFPPYSDFKVAN,1.0,true,false,true
20700,MPETGGVPTIHRGNTGTTRIRTVRFVFGWVQGVGFRATCQTRAELGLSGFARTARRGVQVVALAEGTHLREAWLAWLREPPPRAVRGVRIESRAPVDALGDFEIRRD,0.9,true,false,true
20800,MTKRPTIRFVERVFLVQGCVFGRVQNARAVGLGLRNLAVGAVVQGIAAGKGTRVASRQDLVRRCMMLSRCQ,0.0,true,false,true
20900,MGERPARLTAWVDGMVQGRWWALKRAQRLGLRGTARNTRDGRVDADAEGPQEATRRFLKALSSGPSPGRVEQVVETWRAAQGEFRGFYVR,3.0,true,false,true
21000,MVTKSVRLFITGHVQSVGYRKCTSREAKYRGLYGWCKNTENGHVEAIIQGDPAELELMKRWLRHEGSPSSRIDRVEFSNEYSHFKSFVIKY,0.0,true,false,true
21100,MARVCMVGYVSGKVQGVYYRQSTSEEAERDLDGWVRNLPDGRVEVLFEGEEGAVRELADWLEDGPQEALVTELELEVQPAQGITGFIRR,2.0,true,false,true
21200,MSANRVVVHGRVQGVGYRAWCREHAARAGIDGWVRNTPDGTVEALQGPPDAVERVVQSVHRSEAYARVDRVDSESVEEDDRDFEIR,2.1,true,false,true
21300,MDESDDITTLHAIITGRVQGIFYRAFVKQQAQALGLTGWVRNLSDGSVELVAQGPRTALDALLIAINKGPPAARVDVQEDRWEPSSAEATTFRITWSEPGA,0.9,true,false,true
21400,MTRAMRRTGDYERRTRRFLVGGRVQGVGFRWTTELFKSRSVTGWVCNLPDGRVEIHAEGEADELGELAWGDIAGMGRFAREVCVCEEDGLQGDDL,1.9,true,false,true
21500,MARERAVVLVSGKVQGVFFRAETVRKAVTLGIRGWVRNLPDGKVEAVFEGEEKKIKKMVEWCREGPKYANVTNVEIEWQEARGEFDDFRVIYNGYLFAL,0.0,true,false,true
21600,MQKVRMIAQGRVQGVGFRWGVYRLALEIGGITGRVWNNEDGTVEILAAAENSALMAKFIQEIRKGPTPFSKVYYLDVTLANFKYSDFKIAN,1.0,true,false,true
21700,"",3.2,false,false,true
21800,MKKKRVKASIIGEHVGVGFRAVFAKKAAQYNIRAYVRNLPNNGVEVEAEGSLESLDKFLDILDKGTPF,1.7,false,false,true
21900,MVRQCLRLYVSGRVQGVFFRQSHEQQAQRLGLDGWVRNLEDGRVEVFEGEAARLGQLASWLHQGPQAATVERVELADDLQGVTGFAVRG,2.0,true,false,true
22000,MMLRAHVLISGTVQGVFRSNTVQKAQELGVAGWVKNLRDGKVEAVFEGTESQILRMIEWCSVGPQGASVTSVTMTYSTSTGEFQTFESVY,1.0,true,false,true
22100,MAEIHAIVKGYVQGVWFRGWTRDQALALGLKGTVKNLADGSVEVTCESAKSQLLQAFEQLLRQGSPMSEVTDVQVNDRESDHEGSGFEIK,0.0,true,false,true
22200,MSLKGFDFEVFGKVQKVFFRKFTKKNAIASDLVGFVRNTSDGSVEGVLEGATEGLALALRELLHKGAPMSRITDVKITNVFEPDEVSTLTMVK,0.0,true,false,true
22300,MTVCRVARVDGRVQGVSFRAFVQQEARALGLSGYAYLDGRVEVWEGEWEQVEKLAQFLDGPQMAVKSVDLVERPVQTGEGFRVG,6.2,true,false,true
22400,MPDLASLKCTVHGRVQGVSFRAYVSQRAKELGLTGYVVNVWGGRVVELVAEGRKEKLETLLDYVDVGPPMAEVIKVDVDWGEYTNSFSEFVKR,0.0,true,false,true
22500,MPVERRTLKYVVTGVVGGVGFYYGVRREAMKGGLTGWVRNRNGGSVECVADGASEELRALFLRLAEGPYGADVRGVTACAAEAFPHEGFRISV,1.0,true,false,true
22600,MKSVEIIIHGRVQGVGFRYTTVIIAKQLGLYGWVRNEDGGTVTIEVVGNSEKKDELFDVLPSPLARFAKVEDLEIHEVNNFSESNDFEVKY,0.0,true,false,true
22700,MSNVCIIAWVYGRVQGVGFRYTTQHEAQRLGLTGYAKNMDDGSVEVVACGDAAQVEKLIKWLKEGGPRSARVDKILTEPHSPRETLTDFSIRY,0.0,true,false,false
22800,MEKATRCRRRFILHGQVQGVGFRWRVRRRALELALAGTARNRDDGTVEVAAEGPADALDRLAKALRRGPAAVRVDAVEEWETAGGFSGFFVG,1.0,true,false,true
22900,MRSVRMKVYGRVQGVGFRYLTKTVDRLHICGSVANEDDGSVWIEAMGTDEDMNEAIQRIKKSPSAMGVRTVKIIEDDNIIPVNKFVTN,3.1,true,false,true
23000,METRWRMIVEGLVQGVGFRYFVQEVANQMGLTGWVRNLPNGSVEIEVQGEEEKIERFISAVSASPTRAVVVNKTVQSIPPLDGEKDFIAY,0.0,true,false,true
23100,MPQTHLWITGRVQGVGFRFYVVRLAAQLNIAGWVKNLEDSRVEAVAQGELDHQRYLIERLQDAPGIFVKVESQTTNKRCPLNKFTGFKI,0.0,true,false,true
23200,MTATEVSTMVTYNLVIRGRVQGVGFRAWLSREARRRGLRGWVKNLPNGDVEAILQGPEDAVDRMIALLRSDPPAMVVTKVAIDEREGPFTAGFVGF,0.0,true,false,true
23300,MIRVRVLIAPTVQGVGYRWFVRRRAEVAGLHGWVRNRDDGRVEAAVEEDDAVRTEVAWLREGPAGARVDRVHVEELSREPRGGAGFEIRDTTC,0.0,true,false,true
23400,MSLVTRRYFVTGRVQGVGYRAFACRAANRLGLAGFVRNLPDGRVEVVVAGRPASLAEFETRLWSGPTHARVTRVTQEEASEEIGPEFSEFRLLST,1.0,true,false,true
23500,MRKVRMNVQGRVQGVGFRYMTKMVADELGIKGTVRNEEDGSVSIEAVGDDETMLTFIQKVKKSPSPAGRVTQIQVEDDPSMKNRMKFSVTG,0.0,true,false,true
23600,MSDSSIDPSVRAVVVVRGRVQGVGYRYAMQASRLGLSGWVCNLPDGRVELVAQGPAEDIDFLVRLAKRGPAWSDVRSLEVDWAAETSPAGFRAERAGSRGV,2.7,true,false,true
23700,MQALSLRIEGRVQGVGFRVWVAEEARLGLEGSVKKLPDGSVEVVAVGAEAALENLVDLCKRGPPLSRVEHVDAERASVEENLVDFKIVY,1.0,true,false,true
23800,MIRLEVYVSGRVQGVNFRVYSRDVAKSLGVTGFVRNLEDGRVYIVVEGVKETLDLFVDWCRKGPLMAKVSGMDIKESEEKNYKDFIIIR,0.0,true,false,true
23900,MAKRAFRVHGTVQGVFFRDFTQRNANLYGLTGWVRNTSDGKVEGEAQGDESSITKLLADISQGPRHAHVTGLEKEEKDTKDGEESFDVRR,1.0,true,false,true
24000,MNKISVRVTIEGKVQGVFYRTETQQKARSLNLTTWVRNNDDGSVSAFFQGDDEVVQKLVDWCWQGPPAATVVNVQLKQEPVLSSFTDFTILR,0.0,true,false,true
24100,MTSGEAGRLGVIDLTAVTLTVRGQVQGVGFRWWAEKAAIGVSGWVKLLADGAVEVHAIGESVDRFVEACHDGSHRDRVAGVVARLAVPRHDAGDFSVA,4.5,true,false,true
24200,MNKRLHAIVSGRVQGVGFRWFVREAASLRGLTGFVRNMRDGTVEVMVEGDESVLKEFLTLLHQGPSSARVDNVIVTQSQYTGEFTGFSIR,0.0,true,false,true
24300,MNESTTIGVRVIITGKVQGVSYRYWTVTNAQKLSLTGWVKNLLDGRVEAVFEGAPDVMNKMLQACADGPMPATVTDMEVTKGQDPFALSHFEIRT,0.0,true,false,true
24400,MNEEARLTAWVRGRVQQVGFRWFTRANALEIGGLIGFALNLDDGRVQVVAEGPSENCHRLLDWLRSDDTPGRVDDVTEIWDTPRGNYDGFAIR,0.0,true,false,true
24500,MKTVRVKIYGRVQGVGYRRFALQTAHELGISGYVRNLRDRKVEVTAIGEATLVEKFIHELKKGPALSRVEKAMIEDCIPRRFDEFRIVP,0.0,true,false,true
24600,MVSYYFIISGRVQGVCYRTYVSEQAGRFKFTGYTKNKNDGDVEVVCECEEDELEEFEKILKKGSITIHIENVTQSPEKILKGFDSFEILY,0.0,true,false,true
24700,MAGENPRKAVIARISGRVQGVYYRNWTVEHAREGGAGWVRNRDGTVQAFGPAVVDDMMTRCRRGPSAASDLEVFPASSPGQGFEQRPTA,6.8,true,false,true
24800,MKRLKIYISGRVQGVGFRSFCERYALELDLNGYVKNLDDGRVELVAEGDEASLDEFQARLVQGSPGSKVTSVDFHKIATNNEPEHGLKGFTQY,1.0,true,false,true
24900,MSSKIRVHIILSGHVQGVGFRYFIQDQARLGITGWVKNNADGTVELEASQEVENMSKQIEWAKTGGPSAAEVDQVQVKLSTFPGLSGFETR,1.0,true,false,true
25000,MALLRFIVRGHVQGVGFRWFVWREAQRLELRGFARNNPDGAVEVVAQGPEEGLERLEEALRRGPSQARVDQLERLQVPVELDIPGFEVREGW,0.0,true,false,true
25100,MKVRSHVFVSGRVQGVFRFYTEEKASELGVTGWVRNRPDGRVEAVLEGEEQAVHKVIEWCRRGPPAARVKDVEVAWEAFQGELNDFVIRYSGN,2.0,true,false,true
25200,MERTRAHRVYGRVQGVFRANTRERADAQGVDGWVRNREDGSVEAVFEGPPDRVERILDFVREGPRFARVTRVDVKFEEPLGETGFRVRA,2.0,true,false,true
25300,MVRRVNLKIEGRVQGVSFRYSQQMKAKELGLKGFVRNEPDGSVYVEAEGDDGSVEKFINWLYLGPPMAKVRNIEIIEQDITGKFSDFNIR,0.0,true,false,true
25400,MNKVRFAVAGKVQGVSFRAFVKERTELGLTGWVRNRLDGTVEVQASGDDKIAQFRLLWDGPPASRVTETVAEAVDSPGWPEFRILPTS,3.1,true,true,true
25500,MSKVCTIAWVHGLVQGVGFRYSTQREALQLGLTGYAKNMDDGSVEVVACGEAAQVEKLIAWLNAGGPRSARDDKVLTEPHQPGREYVNFSIRY,0.0,true,true,true
25600,MAIRAVRYTGEVSGVGFRATLYRLAVENDVGGYVNEKDLTVSAVDEGEEKAIIQFLDRIKRDKAKNIHEEPVAKWEEPTGEFREFSIL,2.1,true,true,true
25700,MLAYQVHVTGRVQGVGFRYFAQKYAEQLDLSGWVANQPDGSVDLHAEGDREHLEALLEKLSQGPPAAQVSRVEVTDSEPQHEWKDFTIR,1.0,true,false,true
25800,MKTVKNVRGRVQGVGFRYTCKVRADQLEILGIVRNDPDGSVTIAQGPAAAIDKFIQVIKDSTSAGRVSHVSFKELDKFDKRFRTY,5.2,true,true,true
25900,MQQAEKKCALFRMSGRVQGVFFRARAQAQARLGLTGWVRNRADGSVEVLACGDPAAVDQLAEWLWKGPPAALVRDVQAHPADDDPNAAGFQVT,1.0,true,false,true
26000,MRRKIVYYSGRVQGVGFRYTARSVAHGYELRGFVKNLPDGRVYVFIQGDEALLEKFLTATANDGRDNIQIINMEITTYDGDLEGVRDFYGWP,0.0,true,false,true
26100,MGQKGFLTVTGLVQGVGYRYWTRQTALRLGLSGWVRNKRDGSVEVLVEGPAERVEEMIAECMAGPSAARVEAVRTDDVEISGDEPFPTKGVAGDRF,1.9,true,false,true
26200,MKFKLLIKGIVQGVGFRTFVSRNAQQLNVRGYAKNLNDGDVEVLLIAATDDVERLESLILQGTPFAKVERIEREKLDHDDDYPSFEIEK,0.0,true,false,true
26300,MIKRIYAKVSGKVQGVGYRYYVLRQARELGLTGTVQNLPDGTVEVLAQGKDKDIRDYLDALRRGPFRAIVKTIEEEWSSPDQPDWSFDVLF,0.0,true,true,true
26400,MAEEVRMTTWVRGRVQGVGFRWFTRAVLEIGGLTGYAGNLDDGRVQIVAQGRREHCERLLELLRTRGTPGRVDGVTEIWGEARGGYDGFAR,2.0,true,false,true
26500,MSESITRHVRIHGVVQGVGYRSWLASEAGRLGLTGWVRNLRDGAVEAVVRGPVPAVDKILDAARRGPPSARVSSVDVGEHDSPDGHEFEIIPTL,1.0,true,true,true
26600,MTTIHLNLHGIVQGVGFRPFAYRKALEMNVKGWVKNRPDGTVEIEAHGDESSIESFIAGVYKGPPLAINEFEERFVEEPFRKEFII,2.1,true,false,true
26700,MNGDELDERIEEYYVRVRGVVQGVGFRHATVGEAAALKLRGWVTNLDDGSVEAMIQGSAQQIDRMLAWLRHGPPAAHVTEVTFEEHRTDKRFERFQQH,0.0,true,false,true
26800,MKKVRLRVHGSVQGVGFRYSILDRARALDVTGYVKNMPDGTVEIEAEGHDAAINRLLNFVKGPPGSHVTGVDVDWSTLTGKFGEFTVIYR,1.0,true,false,true
26900,MSKRRIIFSGRVQGIGFRAQIKRQATSYDVVGFVKNLPDGRVQVVCEGGELELDAFIQAVSHHVLGKNMKITVRDHDLIVDENYIGFRDFRIRM,0.0,true,false,true
27000,MQATRYAVEGRVQGVGFRYSTRDVAIRLNVSGYAKNLPDGRVEVAAGRAGDLRTFEEYLRVGPRMAEVREIWYPLADEPGGEGFSIC,1.1,true,false,true
27100,MHSFKLLIQGVVQGVGFRFFLYKEATNLNIVGYVKNLNNGDVEVLIQGEKDNIKKMIKLMKLSHSSAKIKSIQQKESESENYSDFRVK,1.0,true,true,true
27200,MCPLPLAAAATAPRTPLRLLNRGLAAAMSTRRPLKSVDYEVFGRVQGVCFRMYTEERKIGVVGWVKNSSKGTVTEQVGGPEDKVNSMLCISV,3.9,true,true,true
27300,MTSARAHLLISGRVEEVGFRNAVKDQARKAGETGWVRNLRDGRVEAVLEGEQQAIDKMEQWCHRGPPVAKVTQVEIDVGEPMGGGSFTVKQSRVNREFSCFRLLPNTHI,0.9,true,true,true
27400,MLFKDETARLRHHGKVQGVFFRASAQEVAIGLGLTGWVRNCADGSVELLVQGPAGAIAAIIAWCRTGPPKASVQRIDIEWIEGDLFTSFHIRY,1.0,true,true,true
27500,MHKQRYFVSGKVQGVGFRFFAEQCALSLKISGFVKNLDDGRVEIVAFFNTKERAELFQKLLKGNDKSNAEDIRMEILTDEDYPFAFDFFRYY,0.0,true,true,true
27600,MANLIKTMKVAFTGKVNGVGGRLFEFELNVLKRYDLNGGVRNGDDGSVEAVIEGTEDQIEKMLTALKAENGIVRIGKIESVELKYSDFKDFEIR,0.0,true,false,true
27700,MATIATAAYVYGLVQGVGFRYSTQHEATRLGLNGYARNCDDGSVEVIACGDAAQRETLIQWLKQGGPRGARVDKVLIEPHSKTDYEGFTIRY,0.0,true,false,true
27800,MTKFIHARVIVKGDVQGVGFRAFVKEFKTRYGLAGFVRNLTVNVVESNCEGEAETILGKIKIQKEGPVLGKVKKVELQYTWPRDYNDFQIN,0.0,true,false,true
27900,MRRIRAIVTGRVQGVGFRAFTQRIATQLKLGGWVKNKSDGSVELIAEGPDDLAALLTAVGSSPPLAGVDNVKVQWSEGTGDFKESEVKPTWR,2.0,true,false,true
28000,MITRIIITIKGKVQGVGYRPFYTSFAQKMNITGYATNKPDGEVEVVIEAEEGDSKRVLEAVMFSRSISKITVIVDVKLDEEHQGAISRFFDPYNFTRGQMLHALCLKLVNRNQKE,2.4,true,false,true
28100,MERRRMVVFGRVQGVGFRFRAQQHASLYDLTGWVKNESDGSVSLEVQGDKPQIYDFIYTIEQRSSPYLCIMHCQKEMELVQDESSFKVRY,0.0,true,false,true
28200,MNLWDLAALIHRQWLSSYLSHEDTAAPGPTGIRQQCTFHGRVQGVVFRYTSSLLANSLCLGGWISNERDKAVRLMALGIEQQIAFLRKARKKGLYASYISERHQDEKDHPQHHKHDSFNVLY,0.8,true,false,true
28300,MSNRGVKVIVRGLVQGVGYRYFVKQVAEAQGLTGWVRNNPDGSVECVEGNSQGVEALIDVLRGPRAAKVTRVDLKDEEFGELSVFEVKR,2.0,true,false,true
28400,MKRYYVVVDGRVQGVGFRYHATINASECNLTGWVRNMYDGMVEMEVQGTELRLSTFLDLLKRGNRFIRVDDMKVTEIPLSEKERGFVIKY,0.0,true,false,true
28500,MRSLYAVISGDVQGVWFRSSTKQEAELKCTGWVRNTGYDAVELLASGPESKLTDLTEWLAKGPPLADVTNVETEWGDVPEFEIFIR,4.1,true,false,true
28600,MASLKEIKVSIKARGLVTGVGFRYFTIQEAEHALGLAGTKNAEEDKSVEIEVQGLVGNVKDFVRQLKKGPSSARVDNVNTHYMEINPIDDFIKLKT,1.0,true,false,true
28700,MSDPAPAERLTAWVHGRVQGVGFRWFTRSRALELGVVGHATNHPDGRVMVVAEGPRPALELLLAWLRSGETPGRVRLVVENWDPARGDLTGFVER,0.0,true,false,true
28800,MLLRIKYIIKGSVQGVGFRHNTLDNATALGLTGFVKNLDDGSVLVNAQGDQHLIDQLVLWTQKGPSWMEIRGIEFETLYSSEDDHQGFDVK,0.0,true,false,true
28900,MKALRAVVRGTVQGVFFRFFVVRHVHKLRLKGYVHNLNLKDEAVEVVAEGFEDALEELLRILHQGPPHAEVEKVDIEYIELSGLKTFEIRY,0.0,true,false,true
29000,MSAGEGLVEVDIEIFGHVQGVCFRMYTEGEGLKLGLVGWVKNTRRGTVQGQAQGPADMVEEMKNWLSKEGSPTSRIIRARTTNEKTISALDFKGFKIRY,0.0,true,false,true
29100,MSADPDVRLTAWVHGHVQGVGFRWWTRSRALELGLTGYASNRADGRVLVVAHGPRESCERLLELLQGHSTPGRVDKVVDSWSPRGEDLPGFTER,0.0,true,false,true
29200,MKTVRRRILGRVQGVWYRGWTVETAKDLGLSGWVRNRADGSVEAVFSGTETAVAAMLNACWQGPPGAKVESVQRNPAEPPEGEGFQQRPTG,0.0,true,false,true
29300,MSKAFRVFAEGRVQGVGFRYSALKVAREHYLRGYVRNLPDGRVEAFIVGTEEDLNGFLDYCRRGTSDAQVTRLLSESMEDFPELDGFKIM,0.0,true,false,true
29400,"",1.0,false,false,true
29500,MKRVVVTVRGRVQGVGFRYFTRDEARRLGLKGYVRNLFNGQVEIDAFGPEGRIGEVLKRLEKGPTRARVDRHTVSVSEQYDEDRQFVSFRVRF,0.0,true,false,true
29600,MMNQMCMRCFISGRVQGVWYRASARDQARHLGLSGWARNLSDGRVEVLACGTQANLESLYEWLKQGPALAQVDEVQTNEVGWQEYRDFDTF,0.0,true,false,true
29700,MRLRIQIHGRVQGVGFRWHTEEEAKKLGIQGFVRNETDGSVFVEAEGSESNLGAFIQWVGHGPRTARIESLEVDWGDSEGFDEFEIR,1.1,true,false,true
29800,MPEHRALTVLIYGRVQGVSYRWWTRQAAAERVLSGWVRNKRDGTVEAFRGDPDAVAEMLQTCRAGGPPAAVVDKVELPDDPPDGEGGGFVQIATA,1.0,true,false,true
29900,MQGVGFRFVYQEARKGLLNGSYWVKNDGSVELVVEATDTSLAAFLAKIGYSMRRSVKDVEVLDDTRPDFRETAFRA,0.0,true,false,true
